-- --------------------------------------------------------
-- Host:                         127.0.0.1
-- Server version:               5.5.42 - Source distribution
-- Server OS:                    osx10.6
-- HeidiSQL Version:             9.3.0.4984
-- --------------------------------------------------------

/*!40101 SET @OLD_CHARACTER_SET_CLIENT=@@CHARACTER_SET_CLIENT */;
/*!40101 SET NAMES utf8mb4 */;
/*!40014 SET @OLD_FOREIGN_KEY_CHECKS=@@FOREIGN_KEY_CHECKS, FOREIGN_KEY_CHECKS=0 */;
/*!40101 SET @OLD_SQL_MODE=@@SQL_MODE, SQL_MODE='NO_AUTO_VALUE_ON_ZERO' */;

-- Dumping database structure for drupal
DROP DATABASE IF EXISTS `travis_ci_drupal`;
CREATE DATABASE IF NOT EXISTS `travis_ci_drupal` /*!40100 DEFAULT CHARACTER SET utf8 */;
USE `travis_ci_drupal`;


-- Dumping structure for table drupal.drupal_field_config
DROP TABLE IF EXISTS `drupal_field_config`;
CREATE TABLE IF NOT EXISTS `drupal_field_config` (
  `id` int(11) NOT NULL AUTO_INCREMENT COMMENT 'The primary identifier for a field',
  `field_name` varchar(32) NOT NULL COMMENT 'The name of this field. Non-deleted field names are unique, but multiple deleted fields can have the same name.',
  `type` varchar(128) NOT NULL COMMENT 'The type of this field.',
  `module` varchar(128) NOT NULL DEFAULT '' COMMENT 'The module that implements the field type.',
  `active` tinyint(4) NOT NULL DEFAULT '0' COMMENT 'Boolean indicating whether the module that implements the field type is enabled.',
  `storage_type` varchar(128) NOT NULL COMMENT 'The storage backend for the field.',
  `storage_module` varchar(128) NOT NULL DEFAULT '' COMMENT 'The module that implements the storage backend.',
  `storage_active` tinyint(4) NOT NULL DEFAULT '0' COMMENT 'Boolean indicating whether the module that implements the storage backend is enabled.',
  `locked` tinyint(4) NOT NULL DEFAULT '0' COMMENT '@TODO',
  `data` longblob NOT NULL COMMENT 'Serialized data containing the field properties that do not warrant a dedicated column.',
  `cardinality` tinyint(4) NOT NULL DEFAULT '0',
  `translatable` tinyint(4) NOT NULL DEFAULT '0',
  `deleted` tinyint(4) NOT NULL DEFAULT '0',
  PRIMARY KEY (`id`),
  KEY `field_name` (`field_name`),
  KEY `active` (`active`),
  KEY `storage_active` (`storage_active`),
  KEY `deleted` (`deleted`),
  KEY `module` (`module`),
  KEY `storage_module` (`storage_module`),
  KEY `type` (`type`),
  KEY `storage_type` (`storage_type`)
) ENGINE=InnoDB AUTO_INCREMENT=7 DEFAULT CHARSET=utf8;

-- Dumping data for table drupal.drupal_field_config: ~6 rows (approximately)
/*!40000 ALTER TABLE `drupal_field_config` DISABLE KEYS */;
INSERT INTO `drupal_field_config` (`id`, `field_name`, `type`, `module`, `active`, `storage_type`, `storage_module`, `storage_active`, `locked`, `data`, `cardinality`, `translatable`, `deleted`) VALUES
	(1, 'comment_body', 'text_long', 'text', 1, 'field_sql_storage', 'field_sql_storage', 1, 0, _binary 0x613A363A7B733A31323A22656E746974795F7479706573223B613A313A7B693A303B733A373A22636F6D6D656E74223B7D733A31323A227472616E736C617461626C65223B623A303B733A383A2273657474696E6773223B613A303A7B7D733A373A2273746F72616765223B613A343A7B733A343A2274797065223B733A31373A226669656C645F73716C5F73746F72616765223B733A383A2273657474696E6773223B613A303A7B7D733A363A226D6F64756C65223B733A31373A226669656C645F73716C5F73746F72616765223B733A363A22616374697665223B693A313B7D733A31323A22666F726569676E206B657973223B613A313A7B733A363A22666F726D6174223B613A323A7B733A353A227461626C65223B733A31333A2266696C7465725F666F726D6174223B733A373A22636F6C756D6E73223B613A313A7B733A363A22666F726D6174223B733A363A22666F726D6174223B7D7D7D733A373A22696E6465786573223B613A313A7B733A363A22666F726D6174223B613A313A7B693A303B733A363A22666F726D6174223B7D7D7D, 1, 0, 0),
	(2, 'body', 'text_with_summary', 'text', 1, 'field_sql_storage', 'field_sql_storage', 1, 0, _binary 0x613A363A7B733A31323A22656E746974795F7479706573223B613A313A7B693A303B733A343A226E6F6465223B7D733A31323A227472616E736C617461626C65223B623A303B733A383A2273657474696E6773223B613A303A7B7D733A373A2273746F72616765223B613A343A7B733A343A2274797065223B733A31373A226669656C645F73716C5F73746F72616765223B733A383A2273657474696E6773223B613A303A7B7D733A363A226D6F64756C65223B733A31373A226669656C645F73716C5F73746F72616765223B733A363A22616374697665223B693A313B7D733A31323A22666F726569676E206B657973223B613A313A7B733A363A22666F726D6174223B613A323A7B733A353A227461626C65223B733A31333A2266696C7465725F666F726D6174223B733A373A22636F6C756D6E73223B613A313A7B733A363A22666F726D6174223B733A363A22666F726D6174223B7D7D7D733A373A22696E6465786573223B613A313A7B733A363A22666F726D6174223B613A313A7B693A303B733A363A22666F726D6174223B7D7D7D, 1, 0, 0),
	(3, 'field_tags', 'taxonomy_term_reference', 'taxonomy', 1, 'field_sql_storage', 'field_sql_storage', 1, 0, _binary 0x613A363A7B733A383A2273657474696E6773223B613A313A7B733A31343A22616C6C6F7765645F76616C756573223B613A313A7B693A303B613A323A7B733A31303A22766F636162756C617279223B733A343A2274616773223B733A363A22706172656E74223B693A303B7D7D7D733A31323A22656E746974795F7479706573223B613A303A7B7D733A31323A227472616E736C617461626C65223B623A303B733A373A2273746F72616765223B613A343A7B733A343A2274797065223B733A31373A226669656C645F73716C5F73746F72616765223B733A383A2273657474696E6773223B613A303A7B7D733A363A226D6F64756C65223B733A31373A226669656C645F73716C5F73746F72616765223B733A363A22616374697665223B693A313B7D733A31323A22666F726569676E206B657973223B613A313A7B733A333A22746964223B613A323A7B733A353A227461626C65223B733A31383A227461786F6E6F6D795F7465726D5F64617461223B733A373A22636F6C756D6E73223B613A313A7B733A333A22746964223B733A333A22746964223B7D7D7D733A373A22696E6465786573223B613A313A7B733A333A22746964223B613A313A7B693A303B733A333A22746964223B7D7D7D, -1, 0, 0),
	(4, 'field_image', 'image', 'image', 1, 'field_sql_storage', 'field_sql_storage', 1, 0, _binary 0x613A363A7B733A373A22696E6465786573223B613A313A7B733A333A22666964223B613A313A7B693A303B733A333A22666964223B7D7D733A383A2273657474696E6773223B613A323A7B733A31303A227572695F736368656D65223B733A363A227075626C6963223B733A31333A2264656661756C745F696D616765223B623A303B7D733A373A2273746F72616765223B613A343A7B733A343A2274797065223B733A31373A226669656C645F73716C5F73746F72616765223B733A383A2273657474696E6773223B613A303A7B7D733A363A226D6F64756C65223B733A31373A226669656C645F73716C5F73746F72616765223B733A363A22616374697665223B693A313B7D733A31323A22656E746974795F7479706573223B613A303A7B7D733A31323A227472616E736C617461626C65223B623A303B733A31323A22666F726569676E206B657973223B613A313A7B733A333A22666964223B613A323A7B733A353A227461626C65223B733A31323A2266696C655F6D616E61676564223B733A373A22636F6C756D6E73223B613A313A7B733A333A22666964223B733A333A22666964223B7D7D7D7D, 1, 0, 0),
	(5, 'field_location', 'taxonomy_term_reference', 'taxonomy', 1, 'field_sql_storage', 'field_sql_storage', 1, 0, _binary 0x613A373A7B733A31323A227472616E736C617461626C65223B733A313A2230223B733A31323A22656E746974795F7479706573223B613A303A7B7D733A383A2273657474696E6773223B613A313A7B733A31343A22616C6C6F7765645F76616C756573223B613A313A7B693A303B613A323A7B733A31303A22766F636162756C617279223B733A383A226C6F636174696F6E223B733A363A22706172656E74223B733A313A2230223B7D7D7D733A373A2273746F72616765223B613A353A7B733A343A2274797065223B733A31373A226669656C645F73716C5F73746F72616765223B733A383A2273657474696E6773223B613A303A7B7D733A363A226D6F64756C65223B733A31373A226669656C645F73716C5F73746F72616765223B733A363A22616374697665223B733A313A2231223B733A373A2264657461696C73223B613A313A7B733A333A2273716C223B613A323A7B733A31383A224649454C445F4C4F41445F43555252454E54223B613A313A7B733A32353A226669656C645F646174615F6669656C645F6C6F636174696F6E223B613A313A7B733A333A22746964223B733A31383A226669656C645F6C6F636174696F6E5F746964223B7D7D733A31393A224649454C445F4C4F41445F5245564953494F4E223B613A313A7B733A32393A226669656C645F7265766973696F6E5F6669656C645F6C6F636174696F6E223B613A313A7B733A333A22746964223B733A31383A226669656C645F6C6F636174696F6E5F746964223B7D7D7D7D7D733A31323A22666F726569676E206B657973223B613A313A7B733A333A22746964223B613A323A7B733A353A227461626C65223B733A31383A227461786F6E6F6D795F7465726D5F64617461223B733A373A22636F6C756D6E73223B613A313A7B733A333A22746964223B733A333A22746964223B7D7D7D733A373A22696E6465786573223B613A313A7B733A333A22746964223B613A313A7B693A303B733A333A22746964223B7D7D733A323A226964223B733A313A2235223B7D, 1, 0, 0),
	(6, 'field_videoid', 'text', 'text', 1, 'field_sql_storage', 'field_sql_storage', 1, 0, _binary 0x613A373A7B733A31323A227472616E736C617461626C65223B733A313A2230223B733A31323A22656E746974795F7479706573223B613A303A7B7D733A383A2273657474696E6773223B613A313A7B733A31303A226D61785F6C656E677468223B733A323A223230223B7D733A373A2273746F72616765223B613A353A7B733A343A2274797065223B733A31373A226669656C645F73716C5F73746F72616765223B733A383A2273657474696E6773223B613A303A7B7D733A363A226D6F64756C65223B733A31373A226669656C645F73716C5F73746F72616765223B733A363A22616374697665223B733A313A2231223B733A373A2264657461696C73223B613A313A7B733A333A2273716C223B613A323A7B733A31383A224649454C445F4C4F41445F43555252454E54223B613A313A7B733A32343A226669656C645F646174615F6669656C645F766964656F6964223B613A323A7B733A353A2276616C7565223B733A31393A226669656C645F766964656F69645F76616C7565223B733A363A22666F726D6174223B733A32303A226669656C645F766964656F69645F666F726D6174223B7D7D733A31393A224649454C445F4C4F41445F5245564953494F4E223B613A313A7B733A32383A226669656C645F7265766973696F6E5F6669656C645F766964656F6964223B613A323A7B733A353A2276616C7565223B733A31393A226669656C645F766964656F69645F76616C7565223B733A363A22666F726D6174223B733A32303A226669656C645F766964656F69645F666F726D6174223B7D7D7D7D7D733A31323A22666F726569676E206B657973223B613A313A7B733A363A22666F726D6174223B613A323A7B733A353A227461626C65223B733A31333A2266696C7465725F666F726D6174223B733A373A22636F6C756D6E73223B613A313A7B733A363A22666F726D6174223B733A363A22666F726D6174223B7D7D7D733A373A22696E6465786573223B613A313A7B733A363A22666F726D6174223B613A313A7B693A303B733A363A22666F726D6174223B7D7D733A323A226964223B733A313A2236223B7D, 1, 0, 0);
/*!40000 ALTER TABLE `drupal_field_config` ENABLE KEYS */;


-- Dumping structure for table drupal.drupal_field_config_instance
DROP TABLE IF EXISTS `drupal_field_config_instance`;
CREATE TABLE IF NOT EXISTS `drupal_field_config_instance` (
  `id` int(11) NOT NULL AUTO_INCREMENT COMMENT 'The primary identifier for a field instance',
  `field_id` int(11) NOT NULL COMMENT 'The identifier of the field attached by this instance',
  `field_name` varchar(32) NOT NULL DEFAULT '',
  `entity_type` varchar(32) NOT NULL DEFAULT '',
  `bundle` varchar(128) NOT NULL DEFAULT '',
  `data` longblob NOT NULL,
  `deleted` tinyint(4) NOT NULL DEFAULT '0',
  PRIMARY KEY (`id`),
  KEY `field_name_bundle` (`field_name`,`entity_type`,`bundle`),
  KEY `deleted` (`deleted`)
) ENGINE=InnoDB AUTO_INCREMENT=9 DEFAULT CHARSET=utf8;

-- Dumping data for table drupal.drupal_field_config_instance: ~8 rows (approximately)
/*!40000 ALTER TABLE `drupal_field_config_instance` DISABLE KEYS */;
INSERT INTO `drupal_field_config_instance` (`id`, `field_id`, `field_name`, `entity_type`, `bundle`, `data`, `deleted`) VALUES
	(1, 1, 'comment_body', 'comment', 'comment_node_page', _binary 0x613A363A7B733A353A226C6162656C223B733A373A22436F6D6D656E74223B733A383A2273657474696E6773223B613A323A7B733A31353A22746578745F70726F63657373696E67223B693A313B733A31383A22757365725F72656769737465725F666F726D223B623A303B7D733A383A227265717569726564223B623A313B733A373A22646973706C6179223B613A313A7B733A373A2264656661756C74223B613A353A7B733A353A226C6162656C223B733A363A2268696464656E223B733A343A2274797065223B733A31323A22746578745F64656661756C74223B733A363A22776569676874223B693A303B733A383A2273657474696E6773223B613A303A7B7D733A363A226D6F64756C65223B733A343A2274657874223B7D7D733A363A22776964676574223B613A343A7B733A343A2274797065223B733A31333A22746578745F7465787461726561223B733A383A2273657474696E6773223B613A313A7B733A343A22726F7773223B693A353B7D733A363A22776569676874223B693A303B733A363A226D6F64756C65223B733A343A2274657874223B7D733A31313A226465736372697074696F6E223B733A303A22223B7D, 0),
	(2, 2, 'body', 'node', 'page', _binary 0x613A363A7B733A353A226C6162656C223B733A343A22426F6479223B733A363A22776964676574223B613A343A7B733A343A2274797065223B733A32363A22746578745F74657874617265615F776974685F73756D6D617279223B733A383A2273657474696E6773223B613A323A7B733A343A22726F7773223B693A32303B733A31323A2273756D6D6172795F726F7773223B693A353B7D733A363A22776569676874223B693A2D343B733A363A226D6F64756C65223B733A343A2274657874223B7D733A383A2273657474696E6773223B613A333A7B733A31353A22646973706C61795F73756D6D617279223B623A313B733A31353A22746578745F70726F63657373696E67223B693A313B733A31383A22757365725F72656769737465725F666F726D223B623A303B7D733A373A22646973706C6179223B613A323A7B733A373A2264656661756C74223B613A353A7B733A353A226C6162656C223B733A363A2268696464656E223B733A343A2274797065223B733A31323A22746578745F64656661756C74223B733A383A2273657474696E6773223B613A303A7B7D733A363A226D6F64756C65223B733A343A2274657874223B733A363A22776569676874223B693A303B7D733A363A22746561736572223B613A353A7B733A353A226C6162656C223B733A363A2268696464656E223B733A343A2274797065223B733A32333A22746578745F73756D6D6172795F6F725F7472696D6D6564223B733A383A2273657474696E6773223B613A313A7B733A31313A227472696D5F6C656E677468223B693A3630303B7D733A363A226D6F64756C65223B733A343A2274657874223B733A363A22776569676874223B693A303B7D7D733A383A227265717569726564223B623A303B733A31313A226465736372697074696F6E223B733A303A22223B7D, 0),
	(3, 1, 'comment_body', 'comment', 'comment_node_article', _binary 0x613A363A7B733A353A226C6162656C223B733A373A22436F6D6D656E74223B733A383A2273657474696E6773223B613A323A7B733A31353A22746578745F70726F63657373696E67223B693A313B733A31383A22757365725F72656769737465725F666F726D223B623A303B7D733A383A227265717569726564223B623A313B733A373A22646973706C6179223B613A313A7B733A373A2264656661756C74223B613A353A7B733A353A226C6162656C223B733A363A2268696464656E223B733A343A2274797065223B733A31323A22746578745F64656661756C74223B733A363A22776569676874223B693A303B733A383A2273657474696E6773223B613A303A7B7D733A363A226D6F64756C65223B733A343A2274657874223B7D7D733A363A22776964676574223B613A343A7B733A343A2274797065223B733A31333A22746578745F7465787461726561223B733A383A2273657474696E6773223B613A313A7B733A343A22726F7773223B693A353B7D733A363A22776569676874223B693A303B733A363A226D6F64756C65223B733A343A2274657874223B7D733A31313A226465736372697074696F6E223B733A303A22223B7D, 0),
	(4, 2, 'body', 'node', 'article', _binary 0x613A363A7B733A353A226C6162656C223B733A343A22426F6479223B733A363A22776964676574223B613A343A7B733A343A2274797065223B733A32363A22746578745F74657874617265615F776974685F73756D6D617279223B733A383A2273657474696E6773223B613A323A7B733A343A22726F7773223B693A32303B733A31323A2273756D6D6172795F726F7773223B693A353B7D733A363A22776569676874223B733A323A222D34223B733A363A226D6F64756C65223B733A343A2274657874223B7D733A383A2273657474696E6773223B613A333A7B733A31353A22646973706C61795F73756D6D617279223B623A313B733A31353A22746578745F70726F63657373696E67223B693A313B733A31383A22757365725F72656769737465725F666F726D223B623A303B7D733A373A22646973706C6179223B613A323A7B733A373A2264656661756C74223B613A353A7B733A353A226C6162656C223B733A363A2268696464656E223B733A343A2274797065223B733A31323A22746578745F64656661756C74223B733A383A2273657474696E6773223B613A303A7B7D733A363A226D6F64756C65223B733A343A2274657874223B733A363A22776569676874223B693A303B7D733A363A22746561736572223B613A353A7B733A353A226C6162656C223B733A363A2268696464656E223B733A343A2274797065223B733A32333A22746578745F73756D6D6172795F6F725F7472696D6D6564223B733A383A2273657474696E6773223B613A313A7B733A31313A227472696D5F6C656E677468223B693A3630303B7D733A363A226D6F64756C65223B733A343A2274657874223B733A363A22776569676874223B693A303B7D7D733A383A227265717569726564223B623A303B733A31313A226465736372697074696F6E223B733A303A22223B7D, 0),
	(5, 3, 'field_tags', 'node', 'article', _binary 0x613A363A7B733A353A226C6162656C223B733A343A2254616773223B733A31313A226465736372697074696F6E223B733A36333A22456E746572206120636F6D6D612D736570617261746564206C697374206F6620776F72647320746F20646573637269626520796F757220636F6E74656E742E223B733A363A22776964676574223B613A343A7B733A343A2274797065223B733A32313A227461786F6E6F6D795F6175746F636F6D706C657465223B733A363A22776569676874223B733A323A222D34223B733A383A2273657474696E6773223B613A323A7B733A343A2273697A65223B693A36303B733A31373A226175746F636F6D706C6574655F70617468223B733A32313A227461786F6E6F6D792F6175746F636F6D706C657465223B7D733A363A226D6F64756C65223B733A383A227461786F6E6F6D79223B7D733A373A22646973706C6179223B613A323A7B733A373A2264656661756C74223B613A353A7B733A343A2274797065223B733A32383A227461786F6E6F6D795F7465726D5F7265666572656E63655F6C696E6B223B733A363A22776569676874223B693A31303B733A353A226C6162656C223B733A353A2261626F7665223B733A383A2273657474696E6773223B613A303A7B7D733A363A226D6F64756C65223B733A383A227461786F6E6F6D79223B7D733A363A22746561736572223B613A353A7B733A343A2274797065223B733A32383A227461786F6E6F6D795F7465726D5F7265666572656E63655F6C696E6B223B733A363A22776569676874223B693A31303B733A353A226C6162656C223B733A353A2261626F7665223B733A383A2273657474696E6773223B613A303A7B7D733A363A226D6F64756C65223B733A383A227461786F6E6F6D79223B7D7D733A383A2273657474696E6773223B613A313A7B733A31383A22757365725F72656769737465725F666F726D223B623A303B7D733A383A227265717569726564223B623A303B7D, 0),
	(6, 4, 'field_image', 'node', 'article', _binary 0x613A363A7B733A353A226C6162656C223B733A353A22496D616765223B733A31313A226465736372697074696F6E223B733A34303A2255706C6F616420616E20696D61676520746F20676F207769746820746869732061727469636C652E223B733A383A227265717569726564223B623A303B733A383A2273657474696E6773223B613A393A7B733A31343A2266696C655F6469726563746F7279223B733A31313A226669656C642F696D616765223B733A31353A2266696C655F657874656E73696F6E73223B733A31363A22706E6720676966206A7067206A706567223B733A31323A226D61785F66696C6573697A65223B733A303A22223B733A31343A226D61785F7265736F6C7574696F6E223B733A303A22223B733A31343A226D696E5F7265736F6C7574696F6E223B733A303A22223B733A393A22616C745F6669656C64223B623A313B733A31313A227469746C655F6669656C64223B733A303A22223B733A31333A2264656661756C745F696D616765223B693A303B733A31383A22757365725F72656769737465725F666F726D223B623A303B7D733A363A22776964676574223B613A343A7B733A343A2274797065223B733A31313A22696D6167655F696D616765223B733A383A2273657474696E6773223B613A323A7B733A31383A2270726F67726573735F696E64696361746F72223B733A383A227468726F62626572223B733A31393A22707265766965775F696D6167655F7374796C65223B733A393A227468756D626E61696C223B7D733A363A22776569676874223B733A323A222D31223B733A363A226D6F64756C65223B733A353A22696D616765223B7D733A373A22646973706C6179223B613A323A7B733A373A2264656661756C74223B613A353A7B733A353A226C6162656C223B733A363A2268696464656E223B733A343A2274797065223B733A353A22696D616765223B733A383A2273657474696E6773223B613A323A7B733A31313A22696D6167655F7374796C65223B733A353A226C61726765223B733A31303A22696D6167655F6C696E6B223B733A303A22223B7D733A363A22776569676874223B693A2D313B733A363A226D6F64756C65223B733A353A22696D616765223B7D733A363A22746561736572223B613A353A7B733A353A226C6162656C223B733A363A2268696464656E223B733A343A2274797065223B733A353A22696D616765223B733A383A2273657474696E6773223B613A323A7B733A31313A22696D6167655F7374796C65223B733A363A226D656469756D223B733A31303A22696D6167655F6C696E6B223B733A373A22636F6E74656E74223B7D733A363A22776569676874223B693A2D313B733A363A226D6F64756C65223B733A353A22696D616765223B7D7D7D, 0),
	(7, 5, 'field_location', 'user', 'user', _binary 0x613A373A7B733A353A226C6162656C223B733A383A224C6F636174696F6E223B733A363A22776964676574223B613A353A7B733A363A22776569676874223B733A313A2237223B733A343A2274797065223B733A31343A226F7074696F6E735F73656C656374223B733A363A226D6F64756C65223B733A373A226F7074696F6E73223B733A363A22616374697665223B693A313B733A383A2273657474696E6773223B613A303A7B7D7D733A383A2273657474696E6773223B613A313A7B733A31383A22757365725F72656769737465725F666F726D223B693A303B7D733A373A22646973706C6179223B613A313A7B733A373A2264656661756C74223B613A353A7B733A353A226C6162656C223B733A353A2261626F7665223B733A343A2274797065223B733A32383A227461786F6E6F6D795F7465726D5F7265666572656E63655F6C696E6B223B733A383A2273657474696E6773223B613A303A7B7D733A363A226D6F64756C65223B733A383A227461786F6E6F6D79223B733A363A22776569676874223B693A303B7D7D733A383A227265717569726564223B693A303B733A31313A226465736372697074696F6E223B733A303A22223B733A31333A2264656661756C745F76616C7565223B4E3B7D, 0),
	(8, 6, 'field_videoid', 'node', 'article', _binary 0x613A373A7B733A353A226C6162656C223B733A373A22566964656F4964223B733A363A22776964676574223B613A353A7B733A363A22776569676874223B693A303B733A343A2274797065223B733A31343A22746578745F746578746669656C64223B733A363A226D6F64756C65223B733A343A2274657874223B733A363A22616374697665223B693A313B733A383A2273657474696E6773223B613A313A7B733A343A2273697A65223B733A323A223630223B7D7D733A383A2273657474696E6773223B613A323A7B733A31353A22746578745F70726F63657373696E67223B733A313A2230223B733A31383A22757365725F72656769737465725F666F726D223B623A303B7D733A373A22646973706C6179223B613A313A7B733A373A2264656661756C74223B613A353A7B733A353A226C6162656C223B733A353A2261626F7665223B733A343A2274797065223B733A31323A22746578745F64656661756C74223B733A383A2273657474696E6773223B613A303A7B7D733A363A226D6F64756C65223B733A343A2274657874223B733A363A22776569676874223B693A31313B7D7D733A383A227265717569726564223B693A303B733A31313A226465736372697074696F6E223B733A303A22223B733A31333A2264656661756C745F76616C7565223B4E3B7D, 0);
/*!40000 ALTER TABLE `drupal_field_config_instance` ENABLE KEYS */;


-- Dumping structure for table drupal.drupal_field_data_body
DROP TABLE IF EXISTS `drupal_field_data_body`;
CREATE TABLE IF NOT EXISTS `drupal_field_data_body` (
  `entity_type` varchar(128) NOT NULL DEFAULT '' COMMENT 'The entity type this data is attached to',
  `bundle` varchar(128) NOT NULL DEFAULT '' COMMENT 'The field instance bundle to which this row belongs, used when deleting a field instance',
  `deleted` tinyint(4) NOT NULL DEFAULT '0' COMMENT 'A boolean indicating whether this data item has been deleted',
  `entity_id` int(10) unsigned NOT NULL COMMENT 'The entity id this data is attached to',
  `revision_id` int(10) unsigned DEFAULT NULL COMMENT 'The entity revision id this data is attached to, or NULL if the entity type is not versioned',
  `language` varchar(32) NOT NULL DEFAULT '' COMMENT 'The language for this data item.',
  `delta` int(10) unsigned NOT NULL COMMENT 'The sequence number for this data item, used for multi-value fields',
  `body_value` longtext,
  `body_summary` longtext,
  `body_format` varchar(255) DEFAULT NULL,
  PRIMARY KEY (`entity_type`,`entity_id`,`deleted`,`delta`,`language`),
  KEY `entity_type` (`entity_type`),
  KEY `bundle` (`bundle`),
  KEY `deleted` (`deleted`),
  KEY `entity_id` (`entity_id`),
  KEY `revision_id` (`revision_id`),
  KEY `language` (`language`),
  KEY `body_format` (`body_format`)
) ENGINE=InnoDB DEFAULT CHARSET=utf8 COMMENT='Data storage for field 2 (body)';

-- Dumping data for table drupal.drupal_field_data_body: ~3 rows (approximately)
/*!40000 ALTER TABLE `drupal_field_data_body` DISABLE KEYS */;
INSERT INTO `drupal_field_data_body` (`entity_type`, `bundle`, `deleted`, `entity_id`, `revision_id`, `language`, `delta`, `body_value`, `body_summary`, `body_format`) VALUES
	('node', 'article', 0, 1, 1, 'und', 0, 'This is the body', '', 'filtered_html'),
	('node', 'article', 0, 2, 2, 'und', 0, 'This is my second test', '', 'filtered_html'),
	('node', 'article', 0, 3, 3, 'und', 0, 'Third test', '', 'filtered_html');
/*!40000 ALTER TABLE `drupal_field_data_body` ENABLE KEYS */;


-- Dumping structure for table drupal.drupal_field_data_comment_body
DROP TABLE IF EXISTS `drupal_field_data_comment_body`;
CREATE TABLE IF NOT EXISTS `drupal_field_data_comment_body` (
  `entity_type` varchar(128) NOT NULL DEFAULT '' COMMENT 'The entity type this data is attached to',
  `bundle` varchar(128) NOT NULL DEFAULT '' COMMENT 'The field instance bundle to which this row belongs, used when deleting a field instance',
  `deleted` tinyint(4) NOT NULL DEFAULT '0' COMMENT 'A boolean indicating whether this data item has been deleted',
  `entity_id` int(10) unsigned NOT NULL COMMENT 'The entity id this data is attached to',
  `revision_id` int(10) unsigned DEFAULT NULL COMMENT 'The entity revision id this data is attached to, or NULL if the entity type is not versioned',
  `language` varchar(32) NOT NULL DEFAULT '' COMMENT 'The language for this data item.',
  `delta` int(10) unsigned NOT NULL COMMENT 'The sequence number for this data item, used for multi-value fields',
  `comment_body_value` longtext,
  `comment_body_format` varchar(255) DEFAULT NULL,
  PRIMARY KEY (`entity_type`,`entity_id`,`deleted`,`delta`,`language`),
  KEY `entity_type` (`entity_type`),
  KEY `bundle` (`bundle`),
  KEY `deleted` (`deleted`),
  KEY `entity_id` (`entity_id`),
  KEY `revision_id` (`revision_id`),
  KEY `language` (`language`),
  KEY `comment_body_format` (`comment_body_format`)
) ENGINE=InnoDB DEFAULT CHARSET=utf8 COMMENT='Data storage for field 1 (comment_body)';

-- Dumping data for table drupal.drupal_field_data_comment_body: ~0 rows (approximately)
/*!40000 ALTER TABLE `drupal_field_data_comment_body` DISABLE KEYS */;
/*!40000 ALTER TABLE `drupal_field_data_comment_body` ENABLE KEYS */;


-- Dumping structure for table drupal.drupal_field_data_field_image
DROP TABLE IF EXISTS `drupal_field_data_field_image`;
CREATE TABLE IF NOT EXISTS `drupal_field_data_field_image` (
  `entity_type` varchar(128) NOT NULL DEFAULT '' COMMENT 'The entity type this data is attached to',
  `bundle` varchar(128) NOT NULL DEFAULT '' COMMENT 'The field instance bundle to which this row belongs, used when deleting a field instance',
  `deleted` tinyint(4) NOT NULL DEFAULT '0' COMMENT 'A boolean indicating whether this data item has been deleted',
  `entity_id` int(10) unsigned NOT NULL COMMENT 'The entity id this data is attached to',
  `revision_id` int(10) unsigned DEFAULT NULL COMMENT 'The entity revision id this data is attached to, or NULL if the entity type is not versioned',
  `language` varchar(32) NOT NULL DEFAULT '' COMMENT 'The language for this data item.',
  `delta` int(10) unsigned NOT NULL COMMENT 'The sequence number for this data item, used for multi-value fields',
  `field_image_fid` int(10) unsigned DEFAULT NULL COMMENT 'The drupal_file_managed.fid being referenced in this field.',
  `field_image_alt` varchar(512) DEFAULT NULL COMMENT 'Alternative image text, for the image’s ’alt’ attribute.',
  `field_image_title` varchar(1024) DEFAULT NULL COMMENT 'Image title text, for the image’s ’title’ attribute.',
  `field_image_width` int(10) unsigned DEFAULT NULL COMMENT 'The width of the image in pixels.',
  `field_image_height` int(10) unsigned DEFAULT NULL COMMENT 'The height of the image in pixels.',
  PRIMARY KEY (`entity_type`,`entity_id`,`deleted`,`delta`,`language`),
  KEY `entity_type` (`entity_type`),
  KEY `bundle` (`bundle`),
  KEY `deleted` (`deleted`),
  KEY `entity_id` (`entity_id`),
  KEY `revision_id` (`revision_id`),
  KEY `language` (`language`),
  KEY `field_image_fid` (`field_image_fid`)
) ENGINE=InnoDB DEFAULT CHARSET=utf8 COMMENT='Data storage for field 4 (field_image)';

-- Dumping data for table drupal.drupal_field_data_field_image: ~0 rows (approximately)
/*!40000 ALTER TABLE `drupal_field_data_field_image` DISABLE KEYS */;
/*!40000 ALTER TABLE `drupal_field_data_field_image` ENABLE KEYS */;


-- Dumping structure for table drupal.drupal_field_data_field_location
DROP TABLE IF EXISTS `drupal_field_data_field_location`;
CREATE TABLE IF NOT EXISTS `drupal_field_data_field_location` (
  `entity_type` varchar(128) NOT NULL DEFAULT '' COMMENT 'The entity type this data is attached to',
  `bundle` varchar(128) NOT NULL DEFAULT '' COMMENT 'The field instance bundle to which this row belongs, used when deleting a field instance',
  `deleted` tinyint(4) NOT NULL DEFAULT '0' COMMENT 'A boolean indicating whether this data item has been deleted',
  `entity_id` int(10) unsigned NOT NULL COMMENT 'The entity id this data is attached to',
  `revision_id` int(10) unsigned DEFAULT NULL COMMENT 'The entity revision id this data is attached to, or NULL if the entity type is not versioned',
  `language` varchar(32) NOT NULL DEFAULT '' COMMENT 'The language for this data item.',
  `delta` int(10) unsigned NOT NULL COMMENT 'The sequence number for this data item, used for multi-value fields',
  `field_location_tid` int(10) unsigned DEFAULT NULL,
  PRIMARY KEY (`entity_type`,`entity_id`,`deleted`,`delta`,`language`),
  KEY `entity_type` (`entity_type`),
  KEY `bundle` (`bundle`),
  KEY `deleted` (`deleted`),
  KEY `entity_id` (`entity_id`),
  KEY `revision_id` (`revision_id`),
  KEY `language` (`language`),
  KEY `field_location_tid` (`field_location_tid`)
) ENGINE=InnoDB DEFAULT CHARSET=utf8 COMMENT='Data storage for field 5 (field_location)';

-- Dumping data for table drupal.drupal_field_data_field_location: ~1 rows (approximately)
/*!40000 ALTER TABLE `drupal_field_data_field_location` DISABLE KEYS */;
INSERT INTO `drupal_field_data_field_location` (`entity_type`, `bundle`, `deleted`, `entity_id`, `revision_id`, `language`, `delta`, `field_location_tid`) VALUES
	('user', 'user', 0, 1, 1, 'und', 0, 6);
/*!40000 ALTER TABLE `drupal_field_data_field_location` ENABLE KEYS */;


-- Dumping structure for table drupal.drupal_field_data_field_tags
DROP TABLE IF EXISTS `drupal_field_data_field_tags`;
CREATE TABLE IF NOT EXISTS `drupal_field_data_field_tags` (
  `entity_type` varchar(128) NOT NULL DEFAULT '' COMMENT 'The entity type this data is attached to',
  `bundle` varchar(128) NOT NULL DEFAULT '' COMMENT 'The field instance bundle to which this row belongs, used when deleting a field instance',
  `deleted` tinyint(4) NOT NULL DEFAULT '0' COMMENT 'A boolean indicating whether this data item has been deleted',
  `entity_id` int(10) unsigned NOT NULL COMMENT 'The entity id this data is attached to',
  `revision_id` int(10) unsigned DEFAULT NULL COMMENT 'The entity revision id this data is attached to, or NULL if the entity type is not versioned',
  `language` varchar(32) NOT NULL DEFAULT '' COMMENT 'The language for this data item.',
  `delta` int(10) unsigned NOT NULL COMMENT 'The sequence number for this data item, used for multi-value fields',
  `field_tags_tid` int(10) unsigned DEFAULT NULL,
  PRIMARY KEY (`entity_type`,`entity_id`,`deleted`,`delta`,`language`),
  KEY `entity_type` (`entity_type`),
  KEY `bundle` (`bundle`),
  KEY `deleted` (`deleted`),
  KEY `entity_id` (`entity_id`),
  KEY `revision_id` (`revision_id`),
  KEY `language` (`language`),
  KEY `field_tags_tid` (`field_tags_tid`)
) ENGINE=InnoDB DEFAULT CHARSET=utf8 COMMENT='Data storage for field 3 (field_tags)';

-- Dumping data for table drupal.drupal_field_data_field_tags: ~8 rows (approximately)
/*!40000 ALTER TABLE `drupal_field_data_field_tags` DISABLE KEYS */;
INSERT INTO `drupal_field_data_field_tags` (`entity_type`, `bundle`, `deleted`, `entity_id`, `revision_id`, `language`, `delta`, `field_tags_tid`) VALUES
	('node', 'article', 0, 1, 1, 'und', 0, 1),
	('node', 'article', 0, 1, 1, 'und', 1, 2),
	('node', 'article', 0, 1, 1, 'und', 2, 3),
	('node', 'article', 0, 1, 1, 'und', 3, 4),
	('node', 'article', 0, 2, 2, 'und', 0, 8),
	('node', 'article', 0, 2, 2, 'und', 1, 9),
	('node', 'article', 0, 2, 2, 'und', 2, 10),
	('node', 'article', 0, 3, 3, 'und', 0, 1);
/*!40000 ALTER TABLE `drupal_field_data_field_tags` ENABLE KEYS */;


-- Dumping structure for table drupal.drupal_field_data_field_videoid
DROP TABLE IF EXISTS `drupal_field_data_field_videoid`;
CREATE TABLE IF NOT EXISTS `drupal_field_data_field_videoid` (
  `entity_type` varchar(128) NOT NULL DEFAULT '' COMMENT 'The entity type this data is attached to',
  `bundle` varchar(128) NOT NULL DEFAULT '' COMMENT 'The field instance bundle to which this row belongs, used when deleting a field instance',
  `deleted` tinyint(4) NOT NULL DEFAULT '0' COMMENT 'A boolean indicating whether this data item has been deleted',
  `entity_id` int(10) unsigned NOT NULL COMMENT 'The entity id this data is attached to',
  `revision_id` int(10) unsigned DEFAULT NULL COMMENT 'The entity revision id this data is attached to, or NULL if the entity type is not versioned',
  `language` varchar(32) NOT NULL DEFAULT '' COMMENT 'The language for this data item.',
  `delta` int(10) unsigned NOT NULL COMMENT 'The sequence number for this data item, used for multi-value fields',
  `field_videoid_value` varchar(20) DEFAULT NULL,
  `field_videoid_format` varchar(255) DEFAULT NULL,
  PRIMARY KEY (`entity_type`,`entity_id`,`deleted`,`delta`,`language`),
  KEY `entity_type` (`entity_type`),
  KEY `bundle` (`bundle`),
  KEY `deleted` (`deleted`),
  KEY `entity_id` (`entity_id`),
  KEY `revision_id` (`revision_id`),
  KEY `language` (`language`),
  KEY `field_videoid_format` (`field_videoid_format`)
) ENGINE=InnoDB DEFAULT CHARSET=utf8 COMMENT='Data storage for field 6 (field_videoid)';

-- Dumping data for table drupal.drupal_field_data_field_videoid: ~2 rows (approximately)
/*!40000 ALTER TABLE `drupal_field_data_field_videoid` DISABLE KEYS */;
INSERT INTO `drupal_field_data_field_videoid` (`entity_type`, `bundle`, `deleted`, `entity_id`, `revision_id`, `language`, `delta`, `field_videoid_value`, `field_videoid_format`) VALUES
	('node', 'article', 0, 1, 1, 'und', 0, 'myvideo', NULL),
	('node', 'article', 0, 2, 2, 'und', 0, 'novideo', NULL);
/*!40000 ALTER TABLE `drupal_field_data_field_videoid` ENABLE KEYS */;


-- Dumping structure for table drupal.drupal_field_revision_body
DROP TABLE IF EXISTS `drupal_field_revision_body`;
CREATE TABLE IF NOT EXISTS `drupal_field_revision_body` (
  `entity_type` varchar(128) NOT NULL DEFAULT '' COMMENT 'The entity type this data is attached to',
  `bundle` varchar(128) NOT NULL DEFAULT '' COMMENT 'The field instance bundle to which this row belongs, used when deleting a field instance',
  `deleted` tinyint(4) NOT NULL DEFAULT '0' COMMENT 'A boolean indicating whether this data item has been deleted',
  `entity_id` int(10) unsigned NOT NULL COMMENT 'The entity id this data is attached to',
  `revision_id` int(10) unsigned NOT NULL COMMENT 'The entity revision id this data is attached to',
  `language` varchar(32) NOT NULL DEFAULT '' COMMENT 'The language for this data item.',
  `delta` int(10) unsigned NOT NULL COMMENT 'The sequence number for this data item, used for multi-value fields',
  `body_value` longtext,
  `body_summary` longtext,
  `body_format` varchar(255) DEFAULT NULL,
  PRIMARY KEY (`entity_type`,`entity_id`,`revision_id`,`deleted`,`delta`,`language`),
  KEY `entity_type` (`entity_type`),
  KEY `bundle` (`bundle`),
  KEY `deleted` (`deleted`),
  KEY `entity_id` (`entity_id`),
  KEY `revision_id` (`revision_id`),
  KEY `language` (`language`),
  KEY `body_format` (`body_format`)
) ENGINE=InnoDB DEFAULT CHARSET=utf8 COMMENT='Revision archive storage for field 2 (body)';

-- Dumping data for table drupal.drupal_field_revision_body: ~3 rows (approximately)
/*!40000 ALTER TABLE `drupal_field_revision_body` DISABLE KEYS */;
INSERT INTO `drupal_field_revision_body` (`entity_type`, `bundle`, `deleted`, `entity_id`, `revision_id`, `language`, `delta`, `body_value`, `body_summary`, `body_format`) VALUES
	('node', 'article', 0, 1, 1, 'und', 0, 'This is the body', '', 'filtered_html'),
	('node', 'article', 0, 2, 2, 'und', 0, 'This is my second test', '', 'filtered_html'),
	('node', 'article', 0, 3, 3, 'und', 0, 'Third test', '', 'filtered_html');
/*!40000 ALTER TABLE `drupal_field_revision_body` ENABLE KEYS */;


-- Dumping structure for table drupal.drupal_field_revision_comment_body
DROP TABLE IF EXISTS `drupal_field_revision_comment_body`;
CREATE TABLE IF NOT EXISTS `drupal_field_revision_comment_body` (
  `entity_type` varchar(128) NOT NULL DEFAULT '' COMMENT 'The entity type this data is attached to',
  `bundle` varchar(128) NOT NULL DEFAULT '' COMMENT 'The field instance bundle to which this row belongs, used when deleting a field instance',
  `deleted` tinyint(4) NOT NULL DEFAULT '0' COMMENT 'A boolean indicating whether this data item has been deleted',
  `entity_id` int(10) unsigned NOT NULL COMMENT 'The entity id this data is attached to',
  `revision_id` int(10) unsigned NOT NULL COMMENT 'The entity revision id this data is attached to',
  `language` varchar(32) NOT NULL DEFAULT '' COMMENT 'The language for this data item.',
  `delta` int(10) unsigned NOT NULL COMMENT 'The sequence number for this data item, used for multi-value fields',
  `comment_body_value` longtext,
  `comment_body_format` varchar(255) DEFAULT NULL,
  PRIMARY KEY (`entity_type`,`entity_id`,`revision_id`,`deleted`,`delta`,`language`),
  KEY `entity_type` (`entity_type`),
  KEY `bundle` (`bundle`),
  KEY `deleted` (`deleted`),
  KEY `entity_id` (`entity_id`),
  KEY `revision_id` (`revision_id`),
  KEY `language` (`language`),
  KEY `comment_body_format` (`comment_body_format`)
) ENGINE=InnoDB DEFAULT CHARSET=utf8 COMMENT='Revision archive storage for field 1 (comment_body)';

-- Dumping data for table drupal.drupal_field_revision_comment_body: ~0 rows (approximately)
/*!40000 ALTER TABLE `drupal_field_revision_comment_body` DISABLE KEYS */;
/*!40000 ALTER TABLE `drupal_field_revision_comment_body` ENABLE KEYS */;


-- Dumping structure for table drupal.drupal_field_revision_field_image
DROP TABLE IF EXISTS `drupal_field_revision_field_image`;
CREATE TABLE IF NOT EXISTS `drupal_field_revision_field_image` (
  `entity_type` varchar(128) NOT NULL DEFAULT '' COMMENT 'The entity type this data is attached to',
  `bundle` varchar(128) NOT NULL DEFAULT '' COMMENT 'The field instance bundle to which this row belongs, used when deleting a field instance',
  `deleted` tinyint(4) NOT NULL DEFAULT '0' COMMENT 'A boolean indicating whether this data item has been deleted',
  `entity_id` int(10) unsigned NOT NULL COMMENT 'The entity id this data is attached to',
  `revision_id` int(10) unsigned NOT NULL COMMENT 'The entity revision id this data is attached to',
  `language` varchar(32) NOT NULL DEFAULT '' COMMENT 'The language for this data item.',
  `delta` int(10) unsigned NOT NULL COMMENT 'The sequence number for this data item, used for multi-value fields',
  `field_image_fid` int(10) unsigned DEFAULT NULL COMMENT 'The drupal_file_managed.fid being referenced in this field.',
  `field_image_alt` varchar(512) DEFAULT NULL COMMENT 'Alternative image text, for the image’s ’alt’ attribute.',
  `field_image_title` varchar(1024) DEFAULT NULL COMMENT 'Image title text, for the image’s ’title’ attribute.',
  `field_image_width` int(10) unsigned DEFAULT NULL COMMENT 'The width of the image in pixels.',
  `field_image_height` int(10) unsigned DEFAULT NULL COMMENT 'The height of the image in pixels.',
  PRIMARY KEY (`entity_type`,`entity_id`,`revision_id`,`deleted`,`delta`,`language`),
  KEY `entity_type` (`entity_type`),
  KEY `bundle` (`bundle`),
  KEY `deleted` (`deleted`),
  KEY `entity_id` (`entity_id`),
  KEY `revision_id` (`revision_id`),
  KEY `language` (`language`),
  KEY `field_image_fid` (`field_image_fid`)
) ENGINE=InnoDB DEFAULT CHARSET=utf8 COMMENT='Revision archive storage for field 4 (field_image)';

-- Dumping data for table drupal.drupal_field_revision_field_image: ~0 rows (approximately)
/*!40000 ALTER TABLE `drupal_field_revision_field_image` DISABLE KEYS */;
/*!40000 ALTER TABLE `drupal_field_revision_field_image` ENABLE KEYS */;


-- Dumping structure for table drupal.drupal_field_revision_field_location
DROP TABLE IF EXISTS `drupal_field_revision_field_location`;
CREATE TABLE IF NOT EXISTS `drupal_field_revision_field_location` (
  `entity_type` varchar(128) NOT NULL DEFAULT '' COMMENT 'The entity type this data is attached to',
  `bundle` varchar(128) NOT NULL DEFAULT '' COMMENT 'The field instance bundle to which this row belongs, used when deleting a field instance',
  `deleted` tinyint(4) NOT NULL DEFAULT '0' COMMENT 'A boolean indicating whether this data item has been deleted',
  `entity_id` int(10) unsigned NOT NULL COMMENT 'The entity id this data is attached to',
  `revision_id` int(10) unsigned NOT NULL COMMENT 'The entity revision id this data is attached to',
  `language` varchar(32) NOT NULL DEFAULT '' COMMENT 'The language for this data item.',
  `delta` int(10) unsigned NOT NULL COMMENT 'The sequence number for this data item, used for multi-value fields',
  `field_location_tid` int(10) unsigned DEFAULT NULL,
  PRIMARY KEY (`entity_type`,`entity_id`,`revision_id`,`deleted`,`delta`,`language`),
  KEY `entity_type` (`entity_type`),
  KEY `bundle` (`bundle`),
  KEY `deleted` (`deleted`),
  KEY `entity_id` (`entity_id`),
  KEY `revision_id` (`revision_id`),
  KEY `language` (`language`),
  KEY `field_location_tid` (`field_location_tid`)
) ENGINE=InnoDB DEFAULT CHARSET=utf8 COMMENT='Revision archive storage for field 5 (field_location)';

-- Dumping data for table drupal.drupal_field_revision_field_location: ~1 rows (approximately)
/*!40000 ALTER TABLE `drupal_field_revision_field_location` DISABLE KEYS */;
INSERT INTO `drupal_field_revision_field_location` (`entity_type`, `bundle`, `deleted`, `entity_id`, `revision_id`, `language`, `delta`, `field_location_tid`) VALUES
	('user', 'user', 0, 1, 1, 'und', 0, 6);
/*!40000 ALTER TABLE `drupal_field_revision_field_location` ENABLE KEYS */;


-- Dumping structure for table drupal.drupal_field_revision_field_tags
DROP TABLE IF EXISTS `drupal_field_revision_field_tags`;
CREATE TABLE IF NOT EXISTS `drupal_field_revision_field_tags` (
  `entity_type` varchar(128) NOT NULL DEFAULT '' COMMENT 'The entity type this data is attached to',
  `bundle` varchar(128) NOT NULL DEFAULT '' COMMENT 'The field instance bundle to which this row belongs, used when deleting a field instance',
  `deleted` tinyint(4) NOT NULL DEFAULT '0' COMMENT 'A boolean indicating whether this data item has been deleted',
  `entity_id` int(10) unsigned NOT NULL COMMENT 'The entity id this data is attached to',
  `revision_id` int(10) unsigned NOT NULL COMMENT 'The entity revision id this data is attached to',
  `language` varchar(32) NOT NULL DEFAULT '' COMMENT 'The language for this data item.',
  `delta` int(10) unsigned NOT NULL COMMENT 'The sequence number for this data item, used for multi-value fields',
  `field_tags_tid` int(10) unsigned DEFAULT NULL,
  PRIMARY KEY (`entity_type`,`entity_id`,`revision_id`,`deleted`,`delta`,`language`),
  KEY `entity_type` (`entity_type`),
  KEY `bundle` (`bundle`),
  KEY `deleted` (`deleted`),
  KEY `entity_id` (`entity_id`),
  KEY `revision_id` (`revision_id`),
  KEY `language` (`language`),
  KEY `field_tags_tid` (`field_tags_tid`)
) ENGINE=InnoDB DEFAULT CHARSET=utf8 COMMENT='Revision archive storage for field 3 (field_tags)';

-- Dumping data for table drupal.drupal_field_revision_field_tags: ~8 rows (approximately)
/*!40000 ALTER TABLE `drupal_field_revision_field_tags` DISABLE KEYS */;
INSERT INTO `drupal_field_revision_field_tags` (`entity_type`, `bundle`, `deleted`, `entity_id`, `revision_id`, `language`, `delta`, `field_tags_tid`) VALUES
	('node', 'article', 0, 1, 1, 'und', 0, 1),
	('node', 'article', 0, 1, 1, 'und', 1, 2),
	('node', 'article', 0, 1, 1, 'und', 2, 3),
	('node', 'article', 0, 1, 1, 'und', 3, 4),
	('node', 'article', 0, 2, 2, 'und', 0, 8),
	('node', 'article', 0, 2, 2, 'und', 1, 9),
	('node', 'article', 0, 2, 2, 'und', 2, 10),
	('node', 'article', 0, 3, 3, 'und', 0, 1);
/*!40000 ALTER TABLE `drupal_field_revision_field_tags` ENABLE KEYS */;


-- Dumping structure for table drupal.drupal_field_revision_field_videoid
DROP TABLE IF EXISTS `drupal_field_revision_field_videoid`;
CREATE TABLE IF NOT EXISTS `drupal_field_revision_field_videoid` (
  `entity_type` varchar(128) NOT NULL DEFAULT '' COMMENT 'The entity type this data is attached to',
  `bundle` varchar(128) NOT NULL DEFAULT '' COMMENT 'The field instance bundle to which this row belongs, used when deleting a field instance',
  `deleted` tinyint(4) NOT NULL DEFAULT '0' COMMENT 'A boolean indicating whether this data item has been deleted',
  `entity_id` int(10) unsigned NOT NULL COMMENT 'The entity id this data is attached to',
  `revision_id` int(10) unsigned NOT NULL COMMENT 'The entity revision id this data is attached to',
  `language` varchar(32) NOT NULL DEFAULT '' COMMENT 'The language for this data item.',
  `delta` int(10) unsigned NOT NULL COMMENT 'The sequence number for this data item, used for multi-value fields',
  `field_videoid_value` varchar(20) DEFAULT NULL,
  `field_videoid_format` varchar(255) DEFAULT NULL,
  PRIMARY KEY (`entity_type`,`entity_id`,`revision_id`,`deleted`,`delta`,`language`),
  KEY `entity_type` (`entity_type`),
  KEY `bundle` (`bundle`),
  KEY `deleted` (`deleted`),
  KEY `entity_id` (`entity_id`),
  KEY `revision_id` (`revision_id`),
  KEY `language` (`language`),
  KEY `field_videoid_format` (`field_videoid_format`)
) ENGINE=InnoDB DEFAULT CHARSET=utf8 COMMENT='Revision archive storage for field 6 (field_videoid)';

-- Dumping data for table drupal.drupal_field_revision_field_videoid: ~2 rows (approximately)
/*!40000 ALTER TABLE `drupal_field_revision_field_videoid` DISABLE KEYS */;
INSERT INTO `drupal_field_revision_field_videoid` (`entity_type`, `bundle`, `deleted`, `entity_id`, `revision_id`, `language`, `delta`, `field_videoid_value`, `field_videoid_format`) VALUES
	('node', 'article', 0, 0, 1, 'und', 0, 'myvideo', NULL),
	('node', 'article', 0, 2, 2, 'und', 0, 'novideo', NULL);
/*!40000 ALTER TABLE `drupal_field_revision_field_videoid` ENABLE KEYS */;


-- Dumping structure for table drupal.drupal_file_managed
DROP TABLE IF EXISTS `drupal_file_managed`;
CREATE TABLE IF NOT EXISTS `drupal_file_managed` (
  `fid` int(10) unsigned NOT NULL AUTO_INCREMENT COMMENT 'File ID.',
  `uid` int(10) unsigned NOT NULL DEFAULT '0' COMMENT 'The drupal_users.uid of the user who is associated with the file.',
  `filename` varchar(255) NOT NULL DEFAULT '' COMMENT 'Name of the file with no path components. This may differ from the basename of the URI if the file is renamed to avoid overwriting an existing file.',
  `uri` varchar(255) CHARACTER SET utf8 COLLATE utf8_bin NOT NULL DEFAULT '' COMMENT 'The URI to access the file (either local or remote).',
  `filemime` varchar(255) NOT NULL DEFAULT '' COMMENT 'The file’s MIME type.',
  `filesize` bigint(20) unsigned NOT NULL DEFAULT '0' COMMENT 'The size of the file in bytes.',
  `status` tinyint(4) NOT NULL DEFAULT '0' COMMENT 'A field indicating the status of the file. Two status are defined in core: temporary (0) and permanent (1). Temporary files older than DRUPAL_MAXIMUM_TEMP_FILE_AGE will be removed during a cron run.',
  `timestamp` int(10) unsigned NOT NULL DEFAULT '0' COMMENT 'UNIX timestamp for when the file was added.',
  PRIMARY KEY (`fid`),
  UNIQUE KEY `uri` (`uri`),
  KEY `uid` (`uid`),
  KEY `status` (`status`),
  KEY `timestamp` (`timestamp`)
) ENGINE=InnoDB DEFAULT CHARSET=utf8 COMMENT='Stores information for uploaded files.';

-- Dumping data for table drupal.drupal_file_managed: ~0 rows (approximately)
/*!40000 ALTER TABLE `drupal_file_managed` DISABLE KEYS */;
/*!40000 ALTER TABLE `drupal_file_managed` ENABLE KEYS */;


-- Dumping structure for table drupal.drupal_node
DROP TABLE IF EXISTS `drupal_node`;
CREATE TABLE IF NOT EXISTS `drupal_node` (
  `nid` int(10) unsigned NOT NULL AUTO_INCREMENT COMMENT 'The primary identifier for a node.',
  `vid` int(10) unsigned DEFAULT NULL COMMENT 'The current drupal_node_revision.vid version identifier.',
  `type` varchar(32) NOT NULL DEFAULT '' COMMENT 'The drupal_node_type.type of this node.',
  `language` varchar(12) NOT NULL DEFAULT '' COMMENT 'The drupal_languages.language of this node.',
  `title` varchar(255) NOT NULL DEFAULT '' COMMENT 'The title of this node, always treated as non-markup plain text.',
  `uid` int(11) NOT NULL DEFAULT '0' COMMENT 'The drupal_users.uid that owns this node; initially, this is the user that created it.',
  `status` int(11) NOT NULL DEFAULT '1' COMMENT 'Boolean indicating whether the node is published (visible to non-administrators).',
  `created` int(11) NOT NULL DEFAULT '0' COMMENT 'The Unix timestamp when the node was created.',
  `changed` int(11) NOT NULL DEFAULT '0' COMMENT 'The Unix timestamp when the node was most recently saved.',
  `comment` int(11) NOT NULL DEFAULT '0' COMMENT 'Whether comments are allowed on this node: 0 = no, 1 = closed (read only), 2 = open (read/write).',
  `promote` int(11) NOT NULL DEFAULT '0' COMMENT 'Boolean indicating whether the node should be displayed on the front page.',
  `sticky` int(11) NOT NULL DEFAULT '0' COMMENT 'Boolean indicating whether the node should be displayed at the top of lists in which it appears.',
  `tnid` int(10) unsigned NOT NULL DEFAULT '0' COMMENT 'The translation set id for this node, which equals the node id of the source post in each set.',
  `translate` int(11) NOT NULL DEFAULT '0' COMMENT 'A boolean indicating whether this translation page needs to be updated.',
  PRIMARY KEY (`nid`),
  UNIQUE KEY `vid` (`vid`),
  KEY `node_changed` (`changed`),
  KEY `node_created` (`created`),
  KEY `node_frontpage` (`promote`,`status`,`sticky`,`created`),
  KEY `node_status_type` (`status`,`type`,`nid`),
  KEY `node_title_type` (`title`,`type`(4)),
  KEY `node_type` (`type`(4)),
  KEY `uid` (`uid`),
  KEY `tnid` (`tnid`),
  KEY `translate` (`translate`),
  KEY `language` (`language`)
) ENGINE=InnoDB AUTO_INCREMENT=4 DEFAULT CHARSET=utf8 COMMENT='The base table for nodes.';

-- Dumping data for table drupal.drupal_node: ~3 rows (approximately)
/*!40000 ALTER TABLE `drupal_node` DISABLE KEYS */;
INSERT INTO `drupal_node` (`nid`, `vid`, `type`, `language`, `title`, `uid`, `status`, `created`, `changed`, `comment`, `promote`, `sticky`, `tnid`, `translate`) VALUES
	(1, 1, 'article', 'und', 'This is test', 1, 1, 1467490333, 1467490333, 2, 1, 0, 0, 0),
	(2, 2, 'article', 'und', 'This is a second test', 1, 1, 1467751442, 1467751442, 2, 1, 0, 0, 0),
	(3, 3, 'article', 'und', 'Third test', 1, 1, 1467751475, 1467751475, 2, 1, 0, 0, 0);
/*!40000 ALTER TABLE `drupal_node` ENABLE KEYS */;


-- Dumping structure for table drupal.drupal_node_access
DROP TABLE IF EXISTS `drupal_node_access`;
CREATE TABLE IF NOT EXISTS `drupal_node_access` (
  `nid` int(10) unsigned NOT NULL DEFAULT '0' COMMENT 'The drupal_node.nid this record affects.',
  `gid` int(10) unsigned NOT NULL DEFAULT '0' COMMENT 'The grant ID a user must possess in the specified realm to gain this row’s privileges on the node.',
  `realm` varchar(255) NOT NULL DEFAULT '' COMMENT 'The realm in which the user must possess the grant ID. Each node access node can define one or more realms.',
  `grant_view` tinyint(3) unsigned NOT NULL DEFAULT '0' COMMENT 'Boolean indicating whether a user with the realm/grant pair can view this node.',
  `grant_update` tinyint(3) unsigned NOT NULL DEFAULT '0' COMMENT 'Boolean indicating whether a user with the realm/grant pair can edit this node.',
  `grant_delete` tinyint(3) unsigned NOT NULL DEFAULT '0' COMMENT 'Boolean indicating whether a user with the realm/grant pair can delete this node.',
  PRIMARY KEY (`nid`,`gid`,`realm`)
) ENGINE=InnoDB DEFAULT CHARSET=utf8 COMMENT='Identifies which realm/grant pairs a user must possess in...';

-- Dumping data for table drupal.drupal_node_access: ~1 rows (approximately)
/*!40000 ALTER TABLE `drupal_node_access` DISABLE KEYS */;
INSERT INTO `drupal_node_access` (`nid`, `gid`, `realm`, `grant_view`, `grant_update`, `grant_delete`) VALUES
	(0, 0, 'all', 1, 0, 0);
/*!40000 ALTER TABLE `drupal_node_access` ENABLE KEYS */;


-- Dumping structure for table drupal.drupal_node_comment_statistics
DROP TABLE IF EXISTS `drupal_node_comment_statistics`;
CREATE TABLE IF NOT EXISTS `drupal_node_comment_statistics` (
  `nid` int(10) unsigned NOT NULL DEFAULT '0' COMMENT 'The drupal_node.nid for which the statistics are compiled.',
  `cid` int(11) NOT NULL DEFAULT '0' COMMENT 'The drupal_comment.cid of the last comment.',
  `last_comment_timestamp` int(11) NOT NULL DEFAULT '0' COMMENT 'The Unix timestamp of the last comment that was posted within this node, from drupal_comment.changed.',
  `last_comment_name` varchar(60) DEFAULT NULL COMMENT 'The name of the latest author to post a comment on this node, from drupal_comment.name.',
  `last_comment_uid` int(11) NOT NULL DEFAULT '0' COMMENT 'The user ID of the latest author to post a comment on this node, from drupal_comment.uid.',
  `comment_count` int(10) unsigned NOT NULL DEFAULT '0' COMMENT 'The total number of comments on this node.',
  PRIMARY KEY (`nid`),
  KEY `node_comment_timestamp` (`last_comment_timestamp`),
  KEY `comment_count` (`comment_count`),
  KEY `last_comment_uid` (`last_comment_uid`)
) ENGINE=InnoDB DEFAULT CHARSET=utf8 COMMENT='Maintains statistics of node and comments posts to show ...';

-- Dumping data for table drupal.drupal_node_comment_statistics: ~3 rows (approximately)
/*!40000 ALTER TABLE `drupal_node_comment_statistics` DISABLE KEYS */;
INSERT INTO `drupal_node_comment_statistics` (`nid`, `cid`, `last_comment_timestamp`, `last_comment_name`, `last_comment_uid`, `comment_count`) VALUES
	(1, 0, 1467490333, NULL, 1, 0),
	(2, 0, 1467751442, NULL, 1, 0),
	(3, 0, 1467751475, NULL, 1, 0);
/*!40000 ALTER TABLE `drupal_node_comment_statistics` ENABLE KEYS */;


-- Dumping structure for table drupal.drupal_node_revision
DROP TABLE IF EXISTS `drupal_node_revision`;
CREATE TABLE IF NOT EXISTS `drupal_node_revision` (
  `nid` int(10) unsigned NOT NULL DEFAULT '0' COMMENT 'The drupal_node this version belongs to.',
  `vid` int(10) unsigned NOT NULL AUTO_INCREMENT COMMENT 'The primary identifier for this version.',
  `uid` int(11) NOT NULL DEFAULT '0' COMMENT 'The drupal_users.uid that created this version.',
  `title` varchar(255) NOT NULL DEFAULT '' COMMENT 'The title of this version.',
  `log` longtext NOT NULL COMMENT 'The log entry explaining the changes in this version.',
  `timestamp` int(11) NOT NULL DEFAULT '0' COMMENT 'A Unix timestamp indicating when this version was created.',
  `status` int(11) NOT NULL DEFAULT '1' COMMENT 'Boolean indicating whether the node (at the time of this revision) is published (visible to non-administrators).',
  `comment` int(11) NOT NULL DEFAULT '0' COMMENT 'Whether comments are allowed on this node (at the time of this revision): 0 = no, 1 = closed (read only), 2 = open (read/write).',
  `promote` int(11) NOT NULL DEFAULT '0' COMMENT 'Boolean indicating whether the node (at the time of this revision) should be displayed on the front page.',
  `sticky` int(11) NOT NULL DEFAULT '0' COMMENT 'Boolean indicating whether the node (at the time of this revision) should be displayed at the top of lists in which it appears.',
  PRIMARY KEY (`vid`),
  KEY `nid` (`nid`),
  KEY `uid` (`uid`)
) ENGINE=InnoDB AUTO_INCREMENT=4 DEFAULT CHARSET=utf8 COMMENT='Stores information about each saved version of a drupal...';

-- Dumping data for table drupal.drupal_node_revision: ~3 rows (approximately)
/*!40000 ALTER TABLE `drupal_node_revision` DISABLE KEYS */;
INSERT INTO `drupal_node_revision` (`nid`, `vid`, `uid`, `title`, `log`, `timestamp`, `status`, `comment`, `promote`, `sticky`) VALUES
	(1, 1, 1, 'This is test', '', 1467490333, 1, 2, 1, 0),
	(2, 2, 1, 'This is a second test', '', 1467751442, 1, 2, 1, 0),
	(3, 3, 1, 'Third test', '', 1467751475, 1, 2, 1, 0);
/*!40000 ALTER TABLE `drupal_node_revision` ENABLE KEYS */;


-- Dumping structure for table drupal.drupal_node_type
DROP TABLE IF EXISTS `drupal_node_type`;
CREATE TABLE IF NOT EXISTS `drupal_node_type` (
  `type` varchar(32) NOT NULL COMMENT 'The machine-readable name of this type.',
  `name` varchar(255) NOT NULL DEFAULT '' COMMENT 'The human-readable name of this type.',
  `base` varchar(255) NOT NULL COMMENT 'The base string used to construct callbacks corresponding to this node type.',
  `module` varchar(255) NOT NULL COMMENT 'The module defining this node type.',
  `description` mediumtext NOT NULL COMMENT 'A brief description of this type.',
  `help` mediumtext NOT NULL COMMENT 'Help information shown to the user when creating a drupal_node of this type.',
  `has_title` tinyint(3) unsigned NOT NULL COMMENT 'Boolean indicating whether this type uses the drupal_node.title field.',
  `title_label` varchar(255) NOT NULL DEFAULT '' COMMENT 'The label displayed for the title field on the edit form.',
  `custom` tinyint(4) NOT NULL DEFAULT '0' COMMENT 'A boolean indicating whether this type is defined by a module (FALSE) or by a user via Add content type (TRUE).',
  `modified` tinyint(4) NOT NULL DEFAULT '0' COMMENT 'A boolean indicating whether this type has been modified by an administrator; currently not used in any way.',
  `locked` tinyint(4) NOT NULL DEFAULT '0' COMMENT 'A boolean indicating whether the administrator can change the machine name of this type.',
  `disabled` tinyint(4) NOT NULL DEFAULT '0' COMMENT 'A boolean indicating whether the node type is disabled.',
  `orig_type` varchar(255) NOT NULL DEFAULT '' COMMENT 'The original machine-readable name of this node type. This may be different from the current type name if the locked field is 0.',
  PRIMARY KEY (`type`)
) ENGINE=InnoDB DEFAULT CHARSET=utf8 COMMENT='Stores information about all defined drupal_node types.';

-- Dumping data for table drupal.drupal_node_type: ~2 rows (approximately)
/*!40000 ALTER TABLE `drupal_node_type` DISABLE KEYS */;
INSERT INTO `drupal_node_type` (`type`, `name`, `base`, `module`, `description`, `help`, `has_title`, `title_label`, `custom`, `modified`, `locked`, `disabled`, `orig_type`) VALUES
	('article', 'Article', 'node_content', 'node', 'Use <em>articles</em> for time-sensitive content like news, press releases or blog posts.', '', 1, 'Title', 1, 1, 0, 0, 'article'),
	('page', 'Basic page', 'node_content', 'node', 'Use <em>basic pages</em> for your static content, such as an \'About us\' page.', '', 1, 'Title', 1, 1, 0, 0, 'page');
/*!40000 ALTER TABLE `drupal_node_type` ENABLE KEYS */;


-- Dumping structure for table drupal.drupal_taxonomy_index
DROP TABLE IF EXISTS `drupal_taxonomy_index`;
CREATE TABLE IF NOT EXISTS `drupal_taxonomy_index` (
  `nid` int(10) unsigned NOT NULL DEFAULT '0' COMMENT 'The drupal_node.nid this record tracks.',
  `tid` int(10) unsigned NOT NULL DEFAULT '0' COMMENT 'The term ID.',
  `sticky` tinyint(4) DEFAULT '0' COMMENT 'Boolean indicating whether the node is sticky.',
  `created` int(11) NOT NULL DEFAULT '0' COMMENT 'The Unix timestamp when the node was created.',
  KEY `term_node` (`tid`,`sticky`,`created`),
  KEY `nid` (`nid`)
) ENGINE=InnoDB DEFAULT CHARSET=utf8 COMMENT='Maintains denormalized information about node/term...';

-- Dumping data for table drupal.drupal_taxonomy_index: ~8 rows (approximately)
/*!40000 ALTER TABLE `drupal_taxonomy_index` DISABLE KEYS */;
INSERT INTO `drupal_taxonomy_index` (`nid`, `tid`, `sticky`, `created`) VALUES
	(1, 1, 0, 1467490333),
	(1, 2, 0, 1467490333),
	(1, 3, 0, 1467490333),
	(1, 4, 0, 1467490333),
	(2, 8, 0, 1467751442),
	(2, 9, 0, 1467751442),
	(2, 10, 0, 1467751442),
	(3, 1, 0, 1467751475);
/*!40000 ALTER TABLE `drupal_taxonomy_index` ENABLE KEYS */;


-- Dumping structure for table drupal.drupal_taxonomy_term_data
DROP TABLE IF EXISTS `drupal_taxonomy_term_data`;
CREATE TABLE IF NOT EXISTS `drupal_taxonomy_term_data` (
  `tid` int(10) unsigned NOT NULL AUTO_INCREMENT COMMENT 'Primary Key: Unique term ID.',
  `vid` int(10) unsigned NOT NULL DEFAULT '0' COMMENT 'The drupal_taxonomy_vocabulary.vid of the vocabulary to which the term is assigned.',
  `name` varchar(255) NOT NULL DEFAULT '' COMMENT 'The term name.',
  `description` longtext COMMENT 'A description of the term.',
  `format` varchar(255) DEFAULT NULL COMMENT 'The drupal_filter_format.format of the description.',
  `weight` int(11) NOT NULL DEFAULT '0' COMMENT 'The weight of this term in relation to other terms.',
  PRIMARY KEY (`tid`),
  KEY `taxonomy_tree` (`vid`,`weight`,`name`),
  KEY `vid_name` (`vid`,`name`),
  KEY `name` (`name`)
) ENGINE=InnoDB AUTO_INCREMENT=11 DEFAULT CHARSET=utf8 COMMENT='Stores term information.';

-- Dumping data for table drupal.drupal_taxonomy_term_data: ~10 rows (approximately)
/*!40000 ALTER TABLE `drupal_taxonomy_term_data` DISABLE KEYS */;
INSERT INTO `drupal_taxonomy_term_data` (`tid`, `vid`, `name`, `description`, `format`, `weight`) VALUES
	(1, 1, 'test', NULL, NULL, 0),
	(2, 1, 'drupalheadless', NULL, NULL, 0),
	(3, 1, 'example', NULL, NULL, 0),
	(4, 1, 'database', NULL, NULL, 0),
	(5, 2, 'Spain', '', 'filtered_html', 0),
	(6, 2, 'Denmark', '', 'filtered_html', 0),
	(7, 2, 'Sweden', '', 'filtered_html', 0),
	(8, 1, 'first', NULL, NULL, 0),
	(9, 1, 'second', NULL, NULL, 0),
	(10, 1, 'third', NULL, NULL, 0);
/*!40000 ALTER TABLE `drupal_taxonomy_term_data` ENABLE KEYS */;


-- Dumping structure for table drupal.drupal_taxonomy_term_hierarchy
DROP TABLE IF EXISTS `drupal_taxonomy_term_hierarchy`;
CREATE TABLE IF NOT EXISTS `drupal_taxonomy_term_hierarchy` (
  `tid` int(10) unsigned NOT NULL DEFAULT '0' COMMENT 'Primary Key: The drupal_taxonomy_term_data.tid of the term.',
  `parent` int(10) unsigned NOT NULL DEFAULT '0' COMMENT 'Primary Key: The drupal_taxonomy_term_data.tid of the term’s parent. 0 indicates no parent.',
  PRIMARY KEY (`tid`,`parent`),
  KEY `parent` (`parent`)
) ENGINE=InnoDB DEFAULT CHARSET=utf8 COMMENT='Stores the hierarchical relationship between terms.';

-- Dumping data for table drupal.drupal_taxonomy_term_hierarchy: ~10 rows (approximately)
/*!40000 ALTER TABLE `drupal_taxonomy_term_hierarchy` DISABLE KEYS */;
INSERT INTO `drupal_taxonomy_term_hierarchy` (`tid`, `parent`) VALUES
	(1, 0),
	(2, 0),
	(3, 0),
	(4, 0),
	(5, 0),
	(6, 0),
	(7, 0),
	(8, 0),
	(9, 0),
	(10, 0);
/*!40000 ALTER TABLE `drupal_taxonomy_term_hierarchy` ENABLE KEYS */;


-- Dumping structure for table drupal.drupal_taxonomy_vocabulary
DROP TABLE IF EXISTS `drupal_taxonomy_vocabulary`;
CREATE TABLE IF NOT EXISTS `drupal_taxonomy_vocabulary` (
  `vid` int(10) unsigned NOT NULL AUTO_INCREMENT COMMENT 'Primary Key: Unique vocabulary ID.',
  `name` varchar(255) NOT NULL DEFAULT '' COMMENT 'Name of the vocabulary.',
  `machine_name` varchar(255) NOT NULL DEFAULT '' COMMENT 'The vocabulary machine name.',
  `description` longtext COMMENT 'Description of the vocabulary.',
  `hierarchy` tinyint(3) unsigned NOT NULL DEFAULT '0' COMMENT 'The type of hierarchy allowed within the vocabulary. (0 = disabled, 1 = single, 2 = multiple)',
  `module` varchar(255) NOT NULL DEFAULT '' COMMENT 'The module which created the vocabulary.',
  `weight` int(11) NOT NULL DEFAULT '0' COMMENT 'The weight of this vocabulary in relation to other vocabularies.',
  PRIMARY KEY (`vid`),
  UNIQUE KEY `machine_name` (`machine_name`),
  KEY `list` (`weight`,`name`)
) ENGINE=InnoDB AUTO_INCREMENT=3 DEFAULT CHARSET=utf8 COMMENT='Stores vocabulary information.';

-- Dumping data for table drupal.drupal_taxonomy_vocabulary: ~2 rows (approximately)
/*!40000 ALTER TABLE `drupal_taxonomy_vocabulary` DISABLE KEYS */;
INSERT INTO `drupal_taxonomy_vocabulary` (`vid`, `name`, `machine_name`, `description`, `hierarchy`, `module`, `weight`) VALUES
	(1, 'Tags', 'tags', 'Use tags to group articles on similar topics into categories.', 0, 'taxonomy', 0),
	(2, 'Location', 'location', 'Users location', 0, 'taxonomy', 0);
/*!40000 ALTER TABLE `drupal_taxonomy_vocabulary` ENABLE KEYS */;


-- Dumping structure for table drupal.drupal_users
DROP TABLE IF EXISTS `drupal_users`;
CREATE TABLE IF NOT EXISTS `drupal_users` (
  `uid` int(10) unsigned NOT NULL DEFAULT '0' COMMENT 'Primary Key: Unique user ID.',
  `name` varchar(60) NOT NULL DEFAULT '' COMMENT 'Unique user name.',
  `pass` varchar(128) NOT NULL DEFAULT '' COMMENT 'User’s password (hashed).',
  `mail` varchar(254) DEFAULT '' COMMENT 'User’s e-mail address.',
  `theme` varchar(255) NOT NULL DEFAULT '' COMMENT 'User’s default theme.',
  `signature` varchar(255) NOT NULL DEFAULT '' COMMENT 'User’s signature.',
  `signature_format` varchar(255) DEFAULT NULL COMMENT 'The drupal_filter_format.format of the signature.',
  `created` int(11) NOT NULL DEFAULT '0' COMMENT 'Timestamp for when user was created.',
  `access` int(11) NOT NULL DEFAULT '0' COMMENT 'Timestamp for previous time user accessed the site.',
  `login` int(11) NOT NULL DEFAULT '0' COMMENT 'Timestamp for user’s last login.',
  `status` tinyint(4) NOT NULL DEFAULT '0' COMMENT 'Whether the user is active(1) or blocked(0).',
  `timezone` varchar(32) DEFAULT NULL COMMENT 'User’s time zone.',
  `language` varchar(12) NOT NULL DEFAULT '' COMMENT 'User’s default language.',
  `picture` int(11) NOT NULL DEFAULT '0' COMMENT 'Foreign key: drupal_file_managed.fid of user’s picture.',
  `init` varchar(254) DEFAULT '' COMMENT 'E-mail address used for initial account creation.',
  `data` longblob COMMENT 'A serialized array of name value pairs that are related to the user. Any form values posted during user edit are stored and are loaded into the $user object during user_load(). Use of this field is discouraged and it will likely disappear in a future...',
  PRIMARY KEY (`uid`),
  UNIQUE KEY `name` (`name`),
  KEY `access` (`access`),
  KEY `created` (`created`),
  KEY `mail` (`mail`),
  KEY `picture` (`picture`)
) ENGINE=InnoDB DEFAULT CHARSET=utf8 COMMENT='Stores user data.';

-- Dumping data for table drupal.drupal_users: ~2 rows (approximately)
/*!40000 ALTER TABLE `drupal_users` DISABLE KEYS */;
INSERT INTO `drupal_users` (`uid`, `name`, `pass`, `mail`, `theme`, `signature`, `signature_format`, `created`, `access`, `login`, `status`, `timezone`, `language`, `picture`, `init`, `data`) VALUES
	(0, '', '', '', '', '', NULL, 0, 0, 0, 0, NULL, '', 0, '', NULL),
	(1, 'admin', '$S$DzSoagNC9pXmRTyGluOd/ZI.vnVJEqkJfbbzIDtcbop2WYiTLhUy', 'juanparati@gmail.com', '', '', 'filtered_html', 1466710083, 1467751332, 1467490236, 1, 'Europe/Copenhagen', '', 0, 'juanparati@gmail.com', _binary 0x613A313A7B733A373A226F7665726C6179223B693A313B7D);
/*!40000 ALTER TABLE `drupal_users` ENABLE KEYS */;


-- Dumping structure for table drupal.drupal_users_roles
DROP TABLE IF EXISTS `drupal_users_roles`;
CREATE TABLE IF NOT EXISTS `drupal_users_roles` (
  `uid` int(10) unsigned NOT NULL DEFAULT '0' COMMENT 'Primary Key: drupal_users.uid for user.',
  `rid` int(10) unsigned NOT NULL DEFAULT '0' COMMENT 'Primary Key: drupal_role.rid for role.',
  PRIMARY KEY (`uid`,`rid`),
  KEY `rid` (`rid`)
) ENGINE=InnoDB DEFAULT CHARSET=utf8 COMMENT='Maps users to roles.';

-- Dumping data for table drupal.drupal_users_roles: ~1 rows (approximately)
/*!40000 ALTER TABLE `drupal_users_roles` DISABLE KEYS */;
INSERT INTO `drupal_users_roles` (`uid`, `rid`) VALUES
	(1, 3);
/*!40000 ALTER TABLE `drupal_users_roles` ENABLE KEYS */;
/*!40101 SET SQL_MODE=IFNULL(@OLD_SQL_MODE, '') */;
/*!40014 SET FOREIGN_KEY_CHECKS=IF(@OLD_FOREIGN_KEY_CHECKS IS NULL, 1, @OLD_FOREIGN_KEY_CHECKS) */;
/*!40101 SET CHARACTER_SET_CLIENT=@OLD_CHARACTER_SET_CLIENT */;
